{"some_id2016-05-12T17:31:13.269":
	{"locLat":0.0365364363,
	 "locLong":0.52636746,
	  "depth":1337.101,
	   "flowRate":1234.56789,
	   "distanceReadings":[0.0,1.0,2.0,3.0,4.0]}}